detector,n_samples,n_pos,n_neg,roc_auc,eer,accuracy_at_youden_j,fpr_at_fixed_fnr
chi_square_spatial,240,120,120,0.6693055555555556,0.4,0.6375,0.7333333333333333
rs,240,120,120,0.9977777777777778,0.029166666666666667,0.9791666666666666,0.0
sample_pairs,240,120,120,0.9861111111111112,0.016666666666666666,0.9833333333333333,0.016666666666666666
