detector,n_samples,n_pos,n_neg,roc_auc,eer,accuracy_at_youden_j,fpr_at_fixed_fnr
chi_square_spatial,240,120,120,0.6551388888888889,0.3333333333333333,0.6708333333333333,0.7833333333333333
rs,240,120,120,0.9789583333333334,0.03333333333333333,0.9708333333333333,0.03333333333333333
sample_pairs,240,120,120,0.9983333333333333,0.016666666666666666,0.9833333333333333,0.0
